concurso,data,dezenas,dezenas_ordem_sorteio,acumulado,valor_arrecadado,ganhadores_15,ganhadores_14,ganhadores_13
3315,08/02/2025,"02,03,04,06,07,08,09,11,12,14,17,18,21,24,25","06,08,21,17,04,07,25,14,24,18,03,02,11,09,12",False,36503232,3,450,15944
3316,10/02/2025,"02,03,07,10,11,14,15,16,17,18,20,21,22,23,25","10,21,11,16,14,22,03,18,07,17,02,20,25,23,15",True,22068993,0,221,8352
3317,11/02/2025,"01,02,03,04,05,06,11,12,13,14,18,20,21,22,25","04,18,01,03,05,25,22,11,13,02,14,20,06,21,12",False,36942924,1,335,14247
3318,12/02/2025,"01,03,06,09,10,11,12,13,14,15,19,20,22,24,25","03,15,06,22,01,25,10,20,13,14,12,24,19,11,09",False,19830063,1,306,10326
3319,13/02/2025,"01,04,05,06,07,14,15,16,17,19,20,21,22,23,25","14,19,15,21,01,04,05,06,22,07,17,23,16,25,20",False,19651002,1,210,6302
3320,14/02/2025,"02,03,04,05,06,08,09,12,15,17,18,19,22,24,25","24,02,18,05,15,06,19,25,17,04,08,09,12,03,22",False,51997842,8,1128,31185
3321,15/02/2025,"02,04,07,08,10,11,12,15,16,17,18,20,22,24,25","02,08,11,25,17,12,24,22,16,20,10,07,15,18,04",False,20868330,1,504,14326
3322,17/02/2025,"02,03,06,07,08,09,10,11,13,14,15,16,17,22,23","13,14,03,10,16,08,07,02,17,15,09,22,06,11,23",False,20037192,1,183,6685
3323,18/02/2025,"03,04,05,06,08,09,11,14,16,19,20,21,22,23,24","11,19,03,08,05,21,16,22,24,23,14,09,06,20,04",False,19328352,2,203,7077
3324,19/02/2025,"02,03,04,06,07,10,11,12,13,14,15,16,20,22,24","06,24,16,10,20,11,13,12,15,22,04,07,03,14,02",False,18583089,1,240,7426
3325,20/02/2025,"01,03,04,06,07,10,12,14,17,18,20,22,23,24,25","03,06,04,22,20,17,24,01,18,07,12,10,25,23,14",True,19079358,0,447,11561
3326,21/02/2025,"01,02,03,06,10,11,12,13,15,16,19,20,21,22,23","10,20,19,01,06,16,21,12,22,13,11,02,15,03,23",False,36060990,1,444,13677
3327,22/02/2025,"02,09,10,11,13,14,15,16,17,19,20,21,22,23,24","11,23,15,14,17,21,22,19,02,10,16,20,09,13,24",True,19857918,0,222,8012
3328,24/02/2025,"01,02,04,05,06,07,10,13,14,15,17,19,21,22,23","13,17,15,05,22,10,02,04,21,07,14,19,06,23,01",True,36184485,0,413,14315
3329,25/02/2025,"01,03,04,05,08,11,12,13,15,16,19,22,23,24,25","25,13,11,22,15,19,23,24,12,05,01,04,08,03,16",False,52334196,3,628,23019
3330,26/02/2025,"01,02,07,09,10,12,13,14,15,18,21,22,23,24,25","21,18,10,23,22,25,13,02,24,12,01,14,15,07,09",True,42020307,0,394,16354
3331,27/02/2025,"03,05,06,07,08,09,10,11,12,15,17,18,21,23,25","11,06,03,15,10,25,09,07,17,05,21,23,12,08,18",False,61868022,2,807,30084
3332,28/02/2025,"01,04,05,06,07,08,09,11,15,16,17,18,19,20,21","16,21,07,06,08,18,04,01,15,09,19,05,17,11,20",False,21441831,4,173,6843
3333,01/03/2025,"01,03,04,05,08,09,11,13,15,19,20,21,22,24,25","08,01,11,20,19,21,04,25,22,03,09,24,05,13,15",True,19544871,0,276,11532
3334,05/03/2025,"02,03,04,06,08,11,14,15,16,17,19,20,22,23,25","11,15,02,20,06,23,04,19,16,25,14,22,03,17,08",False,37927134,1,548,17246
3335,06/03/2025,"01,02,03,05,07,08,09,11,12,15,17,18,19,20,25","02,12,05,08,25,17,18,11,07,09,03,20,15,01,19",False,20729199,3,329,10987
3336,07/03/2025,"01,05,06,07,11,14,15,16,17,19,20,21,22,23,25","15,19,01,23,22,20,21,11,05,25,14,07,06,16,17",False,22801302,2,1663,8803
3337,08/03/2025,"01,03,04,05,07,08,10,11,14,15,16,18,19,23,24","16,11,14,19,01,15,10,03,07,23,18,05,08,24,04",False,21983493,1,375,10683
3338,10/03/2025,"01,02,04,06,07,09,10,13,14,15,16,18,21,24,25","13,24,07,04,25,15,14,10,18,21,06,16,02,09,01",False,22152384,3,348,10344
3339,11/03/2025,"03,04,05,09,10,11,12,13,14,16,17,19,21,24,25","10,04,03,09,17,25,24,12,05,11,14,21,19,16,13",True,20885994,0,241,9668
3340,12/03/2025,"01,03,06,09,11,13,14,15,17,19,21,22,23,24,25","17,21,19,09,15,06,25,01,23,14,03,13,22,11,24",False,52393962,7,848,31446
3341,13/03/2025,"01,02,04,06,07,08,11,12,13,14,17,19,21,24,25","01,12,17,06,13,21,14,19,11,02,25,07,04,24,08",False,20390199,2,260,9640
3342,14/03/2025,"01,02,05,07,08,10,12,13,16,17,18,19,20,22,24","01,07,20,05,22,24,13,18,02,08,12,10,16,17,19",True,21710904,0,304,10146
3343,15/03/2025,"01,02,06,07,09,11,13,15,16,17,19,20,21,22,25","09,02,20,01,19,13,21,07,17,22,25,11,15,06,16",False,35237040,2,599,18330
3344,17/03/2025,"01,02,04,06,09,10,12,13,14,15,19,21,23,24,25","12,14,19,21,15,10,24,02,25,23,06,04,13,01,09",True,20914482,0,299,9411
3345,18/03/2025,"01,02,04,09,11,12,13,14,17,18,19,20,21,23,24","14,13,21,19,24,23,01,18,12,02,20,17,11,09,04",False,35842728,1,333,13715
3346,19/03/2025,"02,04,05,07,08,09,10,11,13,14,16,18,20,23,25","07,16,04,20,11,09,25,18,02,14,10,08,05,23,13",False,19277340,2,501,11562
3347,20/03/2025,"01,02,03,04,05,06,08,10,11,12,14,16,17,22,24","16,05,03,02,24,12,22,11,01,10,17,04,06,08,14",False,19478934,1,243,8724
3348,21/03/2025,"02,04,05,07,08,09,10,13,18,20,21,22,23,24,25","05,13,07,22,18,25,09,10,23,20,02,21,04,24,08",False,20326473,2,262,9375
3349,22/03/2025,"01,03,04,06,09,10,11,12,13,14,17,19,21,23,25","10,12,23,06,19,17,04,21,01,25,11,09,13,14,03",False,20496807,5,669,16053
3350,24/03/2025,"01,02,07,10,12,13,14,16,18,19,20,21,22,23,25","10,21,16,02,13,25,23,07,12,18,14,01,22,20,19",False,43233576,3,495,17713
3351,25/03/2025,"01,04,05,08,09,11,13,14,15,16,17,18,19,22,24","08,24,17,15,16,22,11,04,01,13,19,05,09,18,14",False,18694839,5,207,7612
3352,26/03/2025,"01,02,03,10,11,13,14,15,16,18,19,21,22,23,25","21,02,25,11,01,15,03,19,22,18,23,10,16,14,13",True,18635418,0,173,7496
3353,27/03/2025,"01,03,05,07,08,12,13,14,16,17,18,20,23,24,25","23,24,20,08,12,25,05,13,07,18,17,16,01,14,03",False,35002008,5,675,20429
3354,28/03/2025,"01,02,03,05,07,08,09,13,14,15,16,18,20,24,25","16,18,20,01,09,24,02,14,07,15,08,05,25,13,03",True,20165658,0,304,11395
3355,29/03/2025,"01,02,03,05,08,09,11,12,13,14,18,19,20,22,25","19,20,12,02,08,25,11,14,01,09,03,13,18,05,22",False,33565611,5,659,18867
3356,31/03/2025,"04,06,07,08,11,14,15,16,17,18,19,20,22,23,24","19,20,07,23,16,04,14,11,22,15,08,18,17,24,06",False,20273832,2,163,6182
3357,01/04/2025,"01,02,03,05,07,08,09,11,13,14,15,19,20,24,25","11,07,24,25,19,15,14,05,20,08,09,02,01,13,03",False,20248380,4,523,18015
3358,02/04/2025,"01,02,04,06,07,08,09,10,11,14,15,17,18,19,24","02,14,04,06,24,18,09,17,11,15,19,10,08,01,07",False,19800939,1,288,7145
3359,03/04/2025,"01,02,07,08,09,11,13,14,16,19,20,22,23,24,25","24,13,09,23,11,01,19,16,22,08,02,07,14,25,20",False,20143233,2,416,11492
3360,04/04/2025,"01,02,03,04,06,08,09,10,11,16,17,20,21,23,25","06,17,25,08,21,02,11,23,20,03,01,09,04,16,10",False,45322821,2,467,15821
3361,05/04/2025,"01,02,05,08,09,10,11,13,16,17,18,20,22,23,24","08,22,09,16,10,05,24,20,23,11,02,17,18,13,01",False,22366293,3,306,9931
3362,07/04/2025,"01,02,03,04,06,10,11,13,14,15,16,21,22,23,24","16,03,10,24,15,21,13,22,01,23,06,04,02,11,14",False,23319699,1,232,8110
3363,08/04/2025,"03,05,08,09,11,13,15,16,17,18,19,20,22,24,25","11,25,16,05,09,13,15,17,03,18,22,19,08,20,24",False,21641979,1,303,12448
3364,09/04/2025,"02,06,07,10,11,12,13,14,18,20,21,22,23,24,25","06,12,18,20,23,02,24,11,13,21,07,10,22,25,14",False,21246654,1,183,8651
3365,10/04/2025,"01,02,04,05,06,08,10,11,12,13,14,15,18,20,23","02,18,08,11,04,13,14,06,23,05,12,10,01,15,20",False,20889870,2,257,9069
3366,11/04/2025,"02,03,05,06,08,11,14,15,16,18,19,21,22,24,25","18,24,25,14,22,08,06,19,03,16,15,02,11,05,21",False,22228440,4,463,11223
3367,12/04/2025,"01,02,03,07,08,09,10,13,14,15,16,18,20,21,22","21,22,16,14,03,10,09,18,13,08,07,15,02,01,20",False,21796377,1,346,9786
3368,14/04/2025,"01,02,04,05,07,09,10,13,14,16,19,21,22,23,25","05,04,13,14,21,22,07,23,19,09,01,16,10,02,25",False,20812785,3,331,10817
3369,15/04/2025,"01,04,05,06,08,09,10,13,18,19,20,22,23,24,25","01,24,19,23,04,08,06,20,10,13,22,18,09,05,25",True,20099064,0,217,9165
3370,16/04/2025,"02,05,06,07,08,09,10,11,12,14,17,18,23,24,25","09,05,25,12,06,11,17,08,14,07,18,24,02,23,10",False,46486686,2,540,19374
3371,17/04/2025,"06,07,08,11,13,15,16,17,18,19,20,21,22,23,24","22,18,13,19,11,24,08,06,15,16,23,17,21,20,07",False,20574813,1,225,8560
3372,19/04/2025,"01,03,04,07,08,09,11,12,13,15,18,19,20,22,24","07,12,15,11,13,22,24,04,19,09,08,20,03,01,18",True,19727196,0,408,12259
3373,22/04/2025,"01,03,04,06,10,12,13,14,15,17,19,21,22,23,24","15,19,17,06,04,14,12,24,03,23,10,22,01,13,21",False,37120113,4,418,15862
3374,23/04/2025,"04,05,06,07,08,10,11,12,14,15,17,18,20,21,24","11,18,14,12,20,05,17,15,04,06,24,10,08,07,21",False,18542880,2,216,8177
3375,24/04/2025,"01,02,03,07,08,09,12,15,16,20,21,22,23,24,25","07,24,12,09,01,08,02,16,03,15,21,20,23,25,22",False,18982512,2,167,6850
3376,25/04/2025,"01,02,04,05,07,09,10,11,14,17,18,21,23,24,25","09,11,21,23,24,10,02,07,04,18,25,14,05,17,01",False,20568636,1,422,13139
3377,26/04/2025,"01,02,03,05,06,07,09,10,11,16,18,19,21,22,25","19,07,21,09,02,18,16,11,10,01,03,06,05,25,22",False,20685147,4,240,7602
3378,28/04/2025,"01,03,04,06,07,09,12,13,14,15,17,18,19,24,25","01,13,18,14,12,25,17,15,09,24,04,06,07,03,19",False,19548810,2,388,10556
3379,29/04/2025,"03,05,06,07,09,10,11,12,14,15,17,21,22,24,25","05,22,17,07,24,15,09,11,06,14,21,03,25,10,12",True,18872289,0,227,8190
3380,30/04/2025,"02,05,06,07,11,12,14,15,16,17,20,21,23,24,25","17,21,24,25,15,12,05,07,20,11,23,14,06,02,16",False,46013589,3,567,19593
3381,02/05/2025,"07,08,09,10,11,12,14,15,16,17,18,19,20,21,25","12,21,15,14,17,10,11,18,20,16,07,19,08,25,09",False,24572235,1,554,14864
3382,03/05/2025,"02,03,04,05,08,09,11,13,15,19,21,22,23,24,25","13,09,23,21,15,02,22,04,11,03,05,19,24,25,08",False,21947865,1,347,12009
3383,05/05/2025,"01,02,03,04,05,06,08,09,10,11,13,14,15,23,24","04,15,10,09,24,23,05,08,13,02,14,06,03,11,01",False,22155294,2,327,27197
3384,06/05/2025,"02,03,04,08,09,10,11,12,14,15,17,21,22,23,25","14,12,23,21,17,03,02,09,11,10,25,15,08,04,22",False,21580476,1,198,8287
3385,07/05/2025,"01,02,03,06,07,08,11,13,14,17,18,20,23,24,25","25,17,18,13,20,14,02,24,08,03,23,07,11,01,06",False,21928956,1,385,12026
3386,08/05/2025,"01,02,03,04,05,08,11,13,15,16,19,20,21,22,23","04,19,13,08,01,21,03,02,15,20,16,11,23,05,22",False,21780633,3,223,8424
3387,09/05/2025,"01,03,04,06,08,09,10,12,13,14,15,17,22,23,25","13,01,08,03,10,15,09,17,23,06,25,22,14,04,12",False,22289043,1,302,11749
3388,10/05/2025,"02,03,04,05,06,08,12,14,16,17,18,19,21,22,25","06,19,17,22,21,04,08,03,05,25,18,16,12,14,02",True,22247925,0,218,8223
3389,12/05/2025,"01,06,07,08,09,10,12,15,17,18,20,21,22,23,24","06,17,18,12,08,20,15,07,23,24,21,22,10,09,01",False,39941697,2,364,14142
3390,13/05/2025,"01,02,03,04,06,08,12,13,15,16,19,20,21,22,24","02,12,06,22,15,20,21,03,13,08,16,01,04,19,24",False,44817204,3,597,18343
3391,14/05/2025,"01,04,06,07,10,11,12,14,15,16,17,20,21,23,25","17,21,20,06,07,15,12,23,01,10,16,11,04,25,14",False,19572204,1,332,9611
3392,15/05/2025,"01,02,03,06,07,08,09,11,13,14,17,18,19,22,24","18,22,08,01,19,03,24,06,11,02,14,09,17,07,13",False,20046162,5,429,12282
3393,16/05/2025,"01,02,07,08,10,11,12,14,15,17,18,19,23,24,25","24,10,19,23,07,17,08,25,01,15,11,12,02,14,18",False,20521680,4,353,11028
3394,17/05/2025,"01,02,03,04,05,06,07,09,10,11,16,17,18,19,22","18,03,11,05,10,06,04,01,17,02,16,19,09,07,22",True,21005277,0,227,9516
3395,19/05/2025,"02,04,05,06,07,08,10,12,16,17,19,20,22,23,24","06,10,23,02,08,24,05,19,20,07,22,16,12,17,04",False,36948522,1,489,15599
3396,20/05/2025,"01,02,03,04,05,06,07,10,11,12,15,16,17,19,22","04,02,19,03,11,05,22,17,06,15,12,16,01,07,10",True,19496112,0,275,11177
3397,21/05/2025,"01,03,04,06,07,09,10,11,12,13,17,18,20,22,23","09,10,22,01,23,04,20,06,17,07,13,18,03,11,12",False,34640904,7,681,17954
3398,22/05/2025,"01,02,03,04,05,07,09,10,12,14,16,17,18,19,24","12,24,04,10,09,19,18,03,07,02,17,16,01,14,05",False,19035255,1,251,8423
3399,23/05/2025,"01,03,05,06,08,10,13,14,15,16,17,21,23,24,25","25,10,05,01,21,08,23,16,17,15,06,03,24,14,13",False,20488827,1,359,13483
3400,24/05/2025,"01,03,04,05,07,08,09,11,13,14,16,19,22,23,24","13,09,04,22,19,11,23,14,24,07,05,01,16,03,08",False,41422527,6,781,20929
3401,26/05/2025,"02,03,04,05,06,08,09,12,15,16,17,18,20,21,25","15,25,16,17,12,20,03,06,09,21,02,18,08,05,04",False,20330826,1,245,9782
3402,27/05/2025,"01,02,04,07,09,10,11,13,14,15,18,19,20,24,25","13,20,10,24,25,04,01,09,07,18,15,02,11,19,14",False,19291365,3,461,13699
3403,28/05/2025,"01,02,04,07,08,09,11,12,13,15,18,19,21,22,25","19,13,25,21,11,04,18,07,12,09,01,22,08,15,02",False,18905418,3,368,10200
3404,29/05/2025,"02,03,04,05,07,08,11,12,13,16,17,19,21,22,25","25,22,03,05,08,13,21,16,17,12,04,02,19,11,07",False,18861168,2,251,8043
3405,30/05/2025,"02,06,07,11,12,13,14,15,16,17,18,20,22,23,25","14,17,16,13,23,20,18,02,22,12,06,15,11,25,07",False,21255954,2,116,6282
3406,31/05/2025,"01,03,05,06,07,09,10,13,14,17,19,21,22,23,25","19,07,13,21,06,10,22,25,01,17,05,14,03,23,09",False,21229830,4,597,17305
3407,02/06/2025,"03,06,07,08,09,11,12,13,14,15,16,17,19,20,25","11,07,13,09,16,25,08,15,20,19,06,03,14,17,12",False,20770326,1,200,11584
3408,03/06/2025,"02,03,06,07,09,10,11,13,14,15,18,19,20,24,25","14,13,24,06,20,10,11,09,03,07,18,25,15,19,02",False,20386881,5,337,12573
3409,04/06/2025,"01,02,04,05,06,09,10,11,12,13,14,16,21,22,23","02,22,09,16,04,11,01,23,10,13,06,21,05,12,14",True,20427654,0,195,6680
3410,05/06/2025,"01,04,05,07,08,09,10,11,12,13,14,16,18,23,24","24,16,10,08,07,23,12,13,01,04,14,09,05,18,11",False,45879147,2,682,17604
3411,06/06/2025,"01,02,05,06,10,13,14,15,16,18,20,22,23,24,25","02,22,06,01,16,13,10,24,23,14,05,25,15,20,18",False,22507113,2,279,10143
3412,07/06/2025,"03,04,06,07,11,12,13,14,16,17,19,21,22,23,24","24,07,11,23,04,12,21,14,13,06,03,22,16,19,17",False,22291290,2,296,9510
3413,09/06/2025,"01,02,03,04,09,11,12,13,16,18,19,20,22,23,25","13,01,16,25,19,02,18,09,23,11,12,03,04,20,22",False,21102417,3,266,8976
3414,10/06/2025,"01,02,04,05,06,10,12,13,14,16,18,21,22,24,25","04,18,13,01,22,14,21,12,05,16,02,06,10,25,24",False,20431320,4,376,11605
3415,11/06/2025,"01,02,04,06,07,10,11,13,14,15,16,17,18,21,25","25,14,06,10,11,01,16,18,15,21,07,13,04,02,17",False,18979053,2,207,7769
3416,12/06/2025,"02,03,04,05,07,10,11,12,13,14,17,19,20,21,24","20,03,11,21,02,13,05,14,12,24,10,07,04,19,17",False,19848975,1,268,10356
3417,13/06/2025,"03,04,06,07,08,09,10,11,12,13,15,17,22,24,25","07,17,09,08,25,15,06,12,11,03,22,10,13,04,24",False,19718862,2,206,7442
3418,14/06/2025,"02,03,04,05,06,07,08,10,12,13,16,20,21,23,24","05,24,06,04,20,08,16,12,13,21,07,02,23,03,10",False,20718156,1,213,8510
3419,16/06/2025,"01,02,03,04,06,07,09,10,12,13,15,17,19,20,25","19,06,12,13,01,15,17,02,25,07,10,04,20,09,03",False,19897206,1,327,11158
3420,17/06/2025,"03,05,06,07,11,14,15,16,17,18,19,21,22,23,25","15,17,03,07,16,11,23,14,18,22,05,19,06,25,21",False,37681176,1,383,15269
3421,18/06/2025,"01,02,03,06,09,12,14,15,16,17,20,21,22,23,24","06,22,01,14,23,24,12,17,09,02,21,20,03,16,15",True,19514238,0,160,6384
3422,20/06/2025,"01,02,03,04,05,06,07,11,14,16,17,21,22,23,24","07,01,24,23,02,14,03,11,04,06,05,22,21,16,17",False,37489428,4,407,13166
3423,21/06/2025,"01,02,03,04,08,11,12,14,15,17,18,19,20,22,23","11,12,08,03,17,18,14,04,19,23,02,22,15,20,01",False,20246118,3,199,7307
3424,23/06/2025,"03,06,08,11,13,16,17,18,19,20,21,22,23,24,25","13,18,21,11,16,20,23,06,17,19,08,25,03,24,22",False,19645374,3,316,7878
3425,24/06/2025,"04,05,06,07,08,09,10,11,13,15,16,17,21,24,25","05,21,07,13,06,04,24,08,15,10,16,09,25,11,17",False,17205402,2,207,6494
3426,25/06/2025,"01,04,05,06,08,10,11,12,13,15,16,17,18,20,21","04,08,10,15,05,17,16,12,18,11,13,01,21,20,06",False,18569784,5,270,9459
3427,26/06/2025,"01,02,06,07,09,10,11,15,17,18,19,20,21,22,24","18,19,06,07,22,09,10,11,21,20,17,02,01,24,15",False,18161322,2,150,6291
3428,27/06/2025,"03,05,07,11,12,13,14,15,16,19,20,22,23,24,25","14,24,13,12,03,07,11,16,23,20,25,15,05,22,19",False,18433452,2,154,6881
3429,28/06/2025,"01,02,03,05,07,08,09,14,15,16,17,19,20,21,24","16,21,14,05,01,15,20,17,02,03,09,07,08,24,19",False,18831567,2,159,6573
3430,30/06/2025,"02,05,07,09,10,12,16,17,18,20,21,22,23,24,25","20,17,09,07,02,25,23,05,12,10,21,18,22,24,16",False,37973292,2,342,15659
3431,01/07/2025,"02,03,04,06,07,09,11,12,14,16,17,18,19,21,24","16,11,09,14,06,12,18,07,02,17,19,24,21,04,03",True,19728513,0,315,10303
3432,02/07/2025,"04,09,11,12,13,14,15,16,17,18,19,20,21,23,24","18,24,23,15,14,19,13,11,16,04,12,17,09,21,20",False,35607243,4,458,26902
3433,03/07/2025,"01,02,03,06,09,11,12,13,16,17,18,19,21,23,24","01,19,06,09,21,13,18,12,02,24,17,11,23,16,03",False,20583156,2,260,9129
3434,04/07/2025,"02,04,05,07,08,10,13,15,16,18,19,20,21,23,24","04,24,20,18,10,13,07,16,15,02,23,08,05,19,21",False,22121247,3,541,12709
3435,05/07/2025,"01,03,06,10,11,12,13,14,16,18,21,22,23,24,25","21,03,18,10,12,14,16,06,01,22,13,24,23,25,11",False,21884313,1,258,9058
3436,07/07/2025,"01,02,03,06,08,11,13,14,15,16,17,20,22,23,25","02,15,06,01,25,16,11,13,17,23,14,03,22,20,08",False,21839310,1,248,9800
3437,08/07/2025,"01,05,06,08,09,11,12,14,15,17,19,20,22,24,25","12,22,25,19,11,17,05,14,01,20,15,09,06,08,24",False,20217762,2,418,11401
3438,09/07/2025,"02,04,08,09,10,11,12,13,15,16,17,18,19,23,24","04,09,19,10,16,15,23,13,02,12,17,24,18,11,08",False,15441546,1,196,6768
3439,10/07/2025,"02,03,04,05,06,07,09,10,11,12,14,15,16,22,23","14,03,04,22,23,11,16,10,12,09,15,02,06,05,07",True,21505347.5,0,169,6541
3440,11/07/2025,"01,03,04,06,07,08,09,12,13,15,16,17,18,21,25","08,15,07,18,12,06,13,25,16,03,01,04,09,17,21",False,53369774.5,3,548,19343
3441,12/07/2025,"01,02,03,04,05,11,14,16,18,20,21,22,23,24,25","16,02,21,04,25,20,14,22,11,01,05,23,03,24,18",False,22001535.5,4,341,9411
3442,14/07/2025,"01,03,05,06,07,09,10,13,15,16,18,19,21,23,25","25,21,10,18,23,01,13,09,06,15,07,05,16,03,19",False,21485107,4,987,20065
3443,15/07/2025,"01,04,05,06,08,10,11,12,13,15,16,19,20,24,25","16,10,04,05,11,25,20,12,19,13,15,24,01,06,08",False,21088116,1,322,9449
3444,16/07/2025,"02,03,06,07,09,11,12,13,16,17,19,21,22,24,25","25,13,06,07,22,16,09,17,19,12,24,21,03,02,11",False,20381742.5,4,319,9454
3445,17/07/2025,"01,02,04,05,06,09,11,12,14,18,19,20,21,22,25","11,12,14,01,18,09,04,20,19,02,25,21,06,22,05",True,19939437,0,205,6963
3446,18/07/2025,"03,04,05,07,09,10,12,13,16,19,21,22,23,24,25","16,23,07,04,25,12,09,22,10,05,13,24,03,21,19",True,38328202.5,0,431,16533
3447,19/07/2025,"02,03,06,07,11,12,13,14,17,18,19,20,21,22,23","18,17,14,13,12,03,02,23,22,19,06,07,20,21,11",False,51986007.5,3,562,19683
3448,21/07/2025,"01,03,05,07,09,10,11,12,14,16,17,20,21,23,25","03,25,17,23,16,11,01,10,12,20,21,05,09,07,14",False,21491477,14,861,14789
3449,22/07/2025,"01,04,07,08,11,13,15,16,18,20,21,22,23,24,25","11,24,20,22,21,25,04,01,18,07,16,15,08,23,13",False,20141649.5,1,321,9344
3450,23/07/2025,"01,02,04,05,06,07,11,12,13,14,15,18,23,24,25","25,02,07,13,05,14,12,23,01,11,18,06,15,24,04",False,40781310.5,2,427,13306
3451,24/07/2025,"01,02,06,07,08,09,14,15,17,18,20,21,22,24,25","02,09,18,08,17,07,24,20,25,21,01,14,15,06,22",True,19114259.5,0,178,6185
3452,25/07/2025,"01,04,05,08,09,11,12,13,15,16,18,19,20,21,25","04,12,16,05,13,08,01,18,15,11,20,21,25,09,19",False,36329002.5,2,359,13356
3453,26/07/2025,"02,03,04,05,07,09,10,11,12,13,19,21,23,24,25","11,21,19,03,05,09,04,23,25,12,07,24,02,10,13",True,21116616.5,0,447,14036
3454,28/07/2025,"02,03,04,07,09,10,11,13,14,15,17,18,20,22,24","02,20,17,09,13,14,04,24,22,11,07,10,03,18,15",False,35665518,10,835,20846
3455,29/07/2025,"01,02,03,05,06,09,10,13,15,17,19,21,22,23,25","23,03,15,09,02,17,10,22,19,01,21,06,13,25,05",False,19259142,3,357,12856
3456,30/07/2025,"01,02,03,05,06,07,11,12,13,15,16,19,22,23,25","23,06,19,22,07,02,15,13,25,12,03,05,11,01,16",False,19259590,1,240,8300
3457,31/07/2025,"01,02,04,06,09,10,11,12,16,17,18,20,22,23,25","23,04,09,12,10,18,20,06,01,22,11,17,25,02,16",True,19421741.5,0,216,6627
3458,01/08/2025,"02,03,04,05,07,08,09,10,11,14,16,18,20,23,25","14,05,10,25,07,11,18,04,03,23,08,16,20,02,09",False,35916779.5,1,652,14636
3459,02/08/2025,"01,03,05,06,07,12,14,15,17,18,19,20,22,23,25","14,06,19,23,25,03,17,18,15,12,01,05,20,07,22",False,21296481.5,1,293,9884
3460,04/08/2025,"01,02,03,04,06,08,11,12,16,17,18,19,22,23,25","02,23,19,04,16,18,01,08,11,17,12,03,25,06,22",False,40072935,2,339,13017
3461,05/08/2025,"02,03,04,05,06,08,09,10,11,13,18,19,21,23,25","06,10,25,13,05,04,03,23,21,11,08,19,09,18,02",True,21251541.5,0,248,9578
3462,06/08/2025,"01,02,09,10,13,14,15,16,17,18,19,20,22,24,25","25,17,13,16,24,19,01,20,10,18,15,02,09,14,22",False,37428363,4,344,13050
3463,07/08/2025,"01,02,04,06,07,08,11,14,15,16,17,18,19,21,22","11,08,16,06,02,17,15,18,14,22,01,07,21,04,19",False,21443467.5,2,190,6183
3464,08/08/2025,"01,03,04,06,11,13,14,15,16,17,18,20,21,22,25","20,21,25,06,11,15,01,18,04,13,16,03,14,22,17",True,22637699,0,159,6788
3465,09/08/2025,"01,04,05,06,09,10,11,12,14,15,17,18,21,22,24","22,09,06,01,11,04,12,14,21,05,18,17,15,24,10",False,36866067,2,467,13442
3466,11/08/2025,"01,05,06,07,09,10,12,15,17,18,19,21,23,24,25","12,10,21,01,18,07,05,19,17,09,24,25,23,06,15",True,21214487,0,240,9167
3467,12/08/2025,"03,04,05,06,07,08,09,13,14,16,18,19,20,21,25","03,20,25,19,09,06,04,21,16,05,07,18,14,13,08",False,35064396.5,3,309,11004
3468,13/08/2025,"01,03,04,06,09,10,12,13,14,18,19,21,23,24,25","12,24,03,06,09,10,04,18,21,19,01,25,13,14,23",False,19758252.5,5,353,9702
3469,14/08/2025,"01,03,05,06,07,08,11,12,13,15,17,18,21,22,24","06,12,01,08,22,18,21,07,15,17,13,11,24,05,03",False,19570446,1,262,8306
3470,15/08/2025,"01,04,05,07,08,10,12,13,14,18,20,21,22,23,24","18,24,05,07,10,21,23,22,14,08,13,04,20,12,01",False,39328898,1,441,15168
3471,16/08/2025,"01,02,03,05,06,11,13,16,17,19,21,22,23,24,25","25,02,16,23,05,19,22,03,24,06,21,01,17,11,13",False,20916612.5,1,229,8531
3472,18/08/2025,"02,03,05,07,10,11,12,13,15,18,19,21,23,24,25","11,02,07,23,18,03,24,12,15,19,25,13,21,10,05",True,19920215,0,350,13186
3473,19/08/2025,"02,03,04,05,06,07,09,12,13,14,17,18,19,23,25","14,09,05,23,25,19,04,13,06,07,12,17,03,02,18",False,31261377,5,498,15869
3474,20/08/2025,"01,04,06,08,09,10,12,13,14,15,18,19,20,21,25","12,04,15,25,10,01,14,21,13,20,09,08,19,06,18",False,19142063.5,2,192,7148
3475,21/08/2025,"01,03,04,05,06,11,14,15,18,20,21,22,23,24,25","22,01,23,06,05,04,14,18,20,25,21,15,03,24,11",True,18465188,0,191,7203
3476,22/08/2025,"03,05,06,07,08,10,12,15,16,17,19,20,23,24,25","03,15,19,25,05,20,08,07,17,06,23,12,24,10,16",False,33041827,2,330,12632
3477,23/08/2025,"02,03,05,06,08,12,15,16,17,18,20,21,23,24,25","05,02,16,03,21,12,18,25,24,20,06,17,23,15,08",False,19768882,1,314,10041
3478,25/08/2025,"01,04,05,06,07,08,09,10,12,14,15,17,21,22,24","15,01,12,24,10,05,07,09,04,22,21,06,14,17,08",False,19163291,1,154,6438
3479,26/08/2025,"01,05,06,08,09,10,12,13,15,16,18,19,23,24,25","16,10,09,01,18,19,05,08,12,25,06,24,15,13,23",True,18406045,0,255,8475
3480,06/09/2025,"03,05,06,08,09,12,13,14,15,16,17,20,21,22,23","14,23,06,15,08,17,20,16,21,05,03,12,09,13,22",False,781205292,54,9661,301854
3481,08/09/2025,"01,02,03,04,05,07,09,10,13,14,19,21,22,23,24","13,23,07,10,03,04,22,02,24,05,21,01,14,19,09",False,24211057.5,2,215,9334
3482,09/09/2025,"01,02,04,05,09,10,13,14,15,17,19,20,22,24,25","25,17,15,24,09,13,01,04,10,22,20,19,05,02,14",False,23243549,2,419,14676
3483,10/09/2025,"02,04,07,08,09,12,13,14,15,17,18,20,22,24,25","04,13,25,07,20,18,09,12,15,22,17,24,08,14,02",False,21647566.5,4,520,13188
3484,11/09/2025,"01,03,04,05,07,08,09,11,13,14,15,17,23,24,25","07,04,01,23,24,25,05,15,17,09,03,14,13,11,08",False,20967733.5,2,370,12981
3485,12/09/2025,"02,03,04,05,06,09,10,11,12,13,15,18,20,22,25","15,25,04,13,02,11,20,22,12,03,09,10,05,18,06",False,22098968.5,1,246,9945
3486,13/09/2025,"02,06,07,08,09,10,11,12,16,17,18,19,22,24,25","02,09,18,24,07,25,16,06,12,22,17,19,10,08,11",True,23055756.5,0,336,5995
3487,15/09/2025,"02,04,05,07,10,12,13,15,16,17,18,19,21,22,23","15,22,05,16,12,17,23,19,04,02,07,18,13,10,21",False,43103728.5,1,472,16464
3488,16/09/2025,"01,03,04,05,06,08,09,11,12,13,14,15,17,22,25","06,11,17,13,12,09,05,25,15,04,03,22,01,14,08",False,19883304,2,234,8176
3489,17/09/2025,"01,02,05,08,09,11,14,16,17,20,21,22,23,24,25","08,05,22,25,23,02,21,11,24,17,20,14,16,09,01",False,20100416,1,179,6483
3490,18/09/2025,"02,03,04,07,08,11,13,14,15,16,18,19,21,23,25","18,23,14,02,08,15,21,04,13,07,03,16,11,25,19",False,43230792.5,3,665,19067
3491,19/09/2025,"01,02,04,08,09,10,12,13,15,17,21,22,23,24,25","15,04,21,22,01,10,12,09,13,08,24,02,17,25,23",False,21256333,4,213,8518
3492,20/09/2025,"02,03,04,08,09,10,13,17,18,19,20,21,22,23,25","17,22,18,03,04,20,02,23,10,25,21,09,08,13,19",False,21657727,1,189,8029
3493,22/09/2025,"02,03,04,05,06,10,11,13,15,16,19,20,21,23,24","19,21,15,03,16,20,24,06,04,02,23,11,13,05,10",False,19532464,3,295,8228
3494,23/09/2025,"01,04,09,10,11,12,14,15,16,17,19,21,22,24,25","22,21,10,15,24,04,25,12,11,09,16,19,01,17,14",True,19522429.5,0,363,6936
3495,24/09/2025,"02,03,06,08,09,11,12,15,16,18,19,20,22,23,25","06,08,03,19,02,09,12,16,23,11,20,15,22,25,18",False,35031370.5,4,577,15454
3496,25/09/2025,"01,04,05,08,09,11,13,14,15,16,17,18,20,23,24","01,14,15,20,11,24,09,17,04,05,13,18,08,16,23",False,19020645,3,205,6428
3497,26/09/2025,"01,02,03,04,06,10,11,12,13,14,15,18,19,21,25","04,12,03,18,01,06,14,25,21,15,11,02,10,19,13",False,20239334.5,1,151,6076
3498,27/09/2025,"01,02,03,04,05,07,08,09,15,16,17,19,21,22,24","01,17,02,04,19,07,21,24,03,15,09,22,08,05,16",False,20809488,1,164,6139
3499,29/09/2025,"01,05,07,09,10,11,12,13,14,17,18,19,23,24,25","19,01,07,13,05,12,24,25,18,09,14,11,17,23,10",False,19118631,1,295,9759
3500,30/09/2025,"01,02,04,05,06,07,09,10,11,12,14,16,18,19,21","11,21,18,10,09,01,16,07,06,05,12,02,14,19,04",False,41621496,6,456,14525
3501,01/10/2025,"01,03,07,09,11,12,13,15,16,18,19,20,21,22,24","21,03,19,13,20,07,01,11,16,18,15,24,22,09,12",False,20315788.5,1,311,9558
3502,02/10/2025,"04,05,06,07,08,09,14,15,16,17,18,19,20,21,25","09,17,16,07,04,05,15,06,20,19,25,14,18,21,08",False,20316870,1,210,5785
3503,03/10/2025,"01,04,06,07,08,10,11,12,14,15,16,18,21,24,25","08,25,18,14,11,15,10,24,12,06,01,07,04,16,21",False,22018409,4,253,8401
3504,04/10/2025,"01,02,04,06,07,09,10,12,15,16,17,21,22,23,25","07,06,23,12,02,21,22,17,10,09,16,15,04,01,25",False,22502686.5,2,189,7653
3505,06/10/2025,"01,02,03,04,06,07,08,09,11,14,16,20,21,23,25","11,14,07,02,01,21,06,03,23,16,20,08,25,04,09",False,20967555,2,157,6372
3506,07/10/2025,"03,04,05,06,08,11,12,13,16,17,18,22,23,24,25","16,25,22,06,05,17,23,11,24,04,12,03,08,13,18",False,21133668.5,2,327,7929
3507,08/10/2025,"02,03,04,07,09,10,11,12,17,18,19,21,22,24,25","04,12,24,10,18,22,09,17,21,07,02,25,11,03,19",False,20490092,4,353,10123
3508,09/10/2025,"01,03,04,05,06,08,11,13,14,16,17,20,21,22,24","20,03,17,11,13,21,05,22,01,08,16,14,04,06,24",True,20130950,0,236,7927
3509,10/10/2025,"01,03,04,07,09,10,12,14,15,16,19,21,22,24,25","21,10,15,09,03,14,22,01,16,04,25,12,19,07,24",False,36896716.5,8,926,22417
3510,11/10/2025,"01,02,03,04,05,06,07,08,13,14,15,17,21,22,23","15,05,01,06,23,14,02,08,04,21,17,03,13,07,22",False,43696502.5,1,595,15494
3511,13/10/2025,"02,03,05,06,07,08,09,12,13,14,15,19,20,23,24","19,14,05,20,06,15,13,23,08,03,09,07,24,02,12",False,21464495.5,1,212,7894
3512,14/10/2025,"01,02,03,04,05,06,09,12,13,14,15,17,19,20,22","06,12,01,17,09,02,19,13,22,05,14,15,20,04,03",False,20304147.5,2,186,7048
3513,15/10/2025,"03,04,05,06,07,11,13,14,15,16,18,20,22,23,24","04,20,24,18,13,14,15,05,11,23,03,07,22,16,06",False,20624716,2,222,7857
3514,16/10/2025,"01,03,04,05,06,08,10,12,13,16,17,20,21,23,24","10,12,03,23,13,17,16,21,06,01,20,24,08,05,04",False,19986253,1,248,8350
3515,17/10/2025,"01,02,03,04,05,06,07,09,14,15,16,17,21,23,24","03,05,07,24,14,23,16,21,04,06,17,02,01,15,09",True,20895364,0,182,7629
3516,18/10/2025,"02,03,06,11,12,13,14,15,17,18,19,20,21,23,25","12,03,11,15,20,25,23,14,18,02,17,13,19,06,21",False,34703956,1,260,11428
3517,20/10/2025,"01,02,03,07,08,11,12,14,17,18,19,20,21,22,24","17,19,07,03,12,08,21,01,22,02,24,14,20,11,18",True,19299577.5,0,232,7347
3518,21/10/2025,"02,05,06,07,11,12,13,14,16,17,19,21,22,24,25","13,17,16,22,12,21,25,02,11,24,05,07,06,19,14",False,34089979,2,321,12396
3519,22/10/2025,"04,05,06,07,08,13,14,16,17,18,20,21,22,23,25","20,17,08,18,22,25,21,14,04,16,07,13,05,06,23",True,18750788,0,184,6418
3520,23/10/2025,"01,03,07,08,10,12,13,15,16,18,19,20,21,22,23","12,23,19,01,13,07,21,03,15,18,08,20,22,16,10",False,52856366.5,7,660,20905
3521,24/10/2025,"06,07,08,09,10,11,12,13,14,15,19,20,21,22,23","10,07,12,21,08,23,09,06,19,15,13,22,14,20,11",False,19642000,10,270,6284
3522,25/10/2025,"01,02,04,05,07,08,10,11,12,14,15,17,20,22,24","17,12,08,01,07,05,10,24,04,11,14,02,20,22,15",False,21268754.5,3,441,11716
3523,27/10/2025,"05,06,08,09,10,11,12,14,15,16,17,19,23,24,25","23,11,17,14,10,19,15,12,05,06,16,25,09,24,08",True,18977609,0,157,5711
3524,28/10/2025,"02,03,04,05,07,09,12,13,14,15,16,17,18,22,24","07,09,05,22,24,02,16,18,15,13,04,12,17,14,03",False,34408633,7,401,14807
3525,29/10/2025,"01,02,03,07,10,11,14,15,16,17,18,20,21,23,24","17,18,14,24,02,01,11,07,10,15,23,21,16,03,20",False,18790943.5,2,236,6259
3526,30/10/2025,"01,03,07,08,10,12,14,15,17,18,19,20,21,22,23","21,01,18,10,22,07,23,15,08,19,20,03,14,17,12",True,18572190,0,256,9890
3527,31/10/2025,"02,03,04,06,07,09,13,14,15,16,17,19,20,23,24","14,24,19,23,17,02,15,03,13,16,20,04,07,06,09",False,35103957,2,470,14224
3528,01/11/2025,"01,03,05,06,07,09,10,16,18,19,20,22,23,24,25","16,23,20,07,24,10,22,05,09,03,19,18,25,01,06",False,21390446,1,149,6459
3529,03/11/2025,"01,07,08,10,11,12,14,15,16,17,18,19,20,22,24","15,19,07,14,08,18,12,22,10,24,11,20,17,16,01",False,20953901.5,2,212,7639
3530,04/11/2025,"01,02,03,05,07,11,12,13,15,16,20,22,23,24,25","16,20,11,23,02,05,01,24,22,07,13,15,03,25,12",True,38023363,0,349,14907
3531,05/11/2025,"01,03,04,05,07,08,10,11,12,14,15,16,18,19,22","05,08,16,04,03,19,18,07,15,12,11,10,14,01,22",False,56783545,5,883,26343
3532,06/11/2025,"02,03,04,05,06,07,08,10,11,12,14,15,17,23,25","10,25,03,07,14,04,12,17,11,23,08,05,02,15,06",False,21453194,4,196,7782
3533,07/11/2025,"01,03,05,06,08,11,12,13,14,15,19,20,22,23,25","22,25,19,15,06,01,11,13,03,05,23,08,14,20,12",False,23395995,1,235,9780
3534,08/11/2025,"01,03,07,09,11,12,13,14,15,16,17,19,20,21,22","12,22,01,19,03,13,07,11,15,21,20,14,09,16,17",False,23050408.5,3,207,9202
3535,10/11/2025,"02,03,06,07,08,09,11,13,18,19,20,21,22,24,25","20,24,09,25,13,18,21,19,03,02,07,22,08,11,06",False,21908978,1,228,7102
3536,11/11/2025,"01,03,04,06,07,08,09,10,11,15,16,17,18,22,24","11,24,16,18,10,03,06,22,08,07,09,15,04,17,01",False,21240527,1,157,6234
3537,12/11/2025,"01,02,03,04,07,09,10,12,15,19,20,21,22,24,25","04,19,12,21,10,01,24,02,22,07,20,25,03,15,09",True,20069154,0,278,10554
3538,13/11/2025,"02,03,05,08,09,10,13,14,17,19,20,21,22,24,25","19,13,17,25,10,03,21,02,05,09,20,14,24,08,22",False,36522118.5,3,514,16283
3539,14/11/2025,"01,02,07,08,09,11,12,13,14,16,18,19,20,23,24","07,09,19,24,02,01,12,16,08,14,20,13,23,11,18",True,22220401,0,179,7506
3540,17/11/2025,"01,02,03,05,06,09,10,13,14,15,16,18,22,23,25","10,25,06,22,13,15,02,16,18,14,09,23,05,03,01",False,68780645.5,8,856,27191
3541,18/11/2025,"01,02,03,04,06,08,13,14,16,17,18,19,21,23,25","06,13,21,23,16,08,01,25,18,04,19,03,17,14,02",True,20242064.5,0,137,7112
3542,19/11/2025,"01,02,05,08,11,12,13,15,18,19,21,22,23,24,25","25,21,11,22,24,18,19,01,23,13,02,12,05,08,15",False,38411201.5,2,434,14642
3543,21/11/2025,"01,04,05,06,07,08,09,14,15,16,17,20,21,22,25","09,21,14,05,04,25,15,16,01,07,08,06,22,17,20",True,24168032,0,221,7526
3544,22/11/2025,"01,04,05,06,08,10,11,12,15,17,20,21,22,23,25","10,04,12,01,25,22,11,21,08,23,20,17,05,15,06",False,36887056.5,5,528,16742
3545,24/11/2025,"01,04,05,06,07,08,11,12,14,17,19,20,21,22,25","14,22,06,08,11,19,04,20,25,07,17,05,01,21,12",False,20882652,6,348,9251
3546,25/11/2025,"02,03,05,07,08,11,12,13,18,19,20,22,23,24,25","07,24,23,08,05,25,11,19,20,02,13,22,18,03,12",False,20112991.5,5,513,12455
3547,26/11/2025,"02,05,06,07,09,10,14,15,17,18,19,20,21,24,25","18,10,14,02,19,06,15,24,25,09,07,05,17,20,21",True,19579028,0,156,6809
3548,27/11/2025,"04,08,09,10,11,12,13,15,16,17,19,21,23,24,25","09,11,13,08,04,15,10,16,23,21,12,19,17,25,24",False,34716307.5,2,361,12991
3549,28/11/2025,"02,05,07,08,09,11,12,14,17,20,21,22,23,24,25","17,09,02,23,22,07,14,25,24,08,20,21,11,05,12",False,21613294.5,2,273,10313
3550,29/11/2025,"01,04,06,07,08,12,13,15,16,18,19,20,22,23,24","22,18,04,08,16,01,07,24,20,06,15,19,23,12,13",False,40843712,3,502,16458
3551,01/12/2025,"01,02,03,07,08,10,11,12,15,16,17,19,21,22,25","07,21,19,11,03,22,15,10,17,12,25,02,08,16,01",True,21696328.5,0,295,9703
3552,02/12/2025,"04,05,06,07,11,12,14,15,16,17,18,20,21,23,25","17,16,15,18,06,14,04,11,23,12,05,20,07,25,21",False,37690352,3,648,13364
3553,03/12/2025,"01,02,03,07,08,09,12,13,16,17,19,21,22,23,24","07,17,12,19,01,13,23,08,02,24,22,21,09,16,03",False,21136832.5,3,424,11232
3554,04/12/2025,"01,03,04,05,08,09,11,12,14,15,16,18,22,23,25","16,04,15,11,08,05,18,12,09,25,22,23,14,03,01",False,20960593.5,5,352,9149
3555,05/12/2025,"01,02,03,04,07,08,10,13,14,15,18,19,20,23,24","08,14,15,03,01,07,13,20,23,18,19,04,10,02,24",False,23262963.5,2,404,10865
3556,06/12/2025,"01,02,03,04,05,07,09,10,12,14,16,17,19,21,23","10,23,09,17,04,19,01,16,05,02,07,14,03,12,21",False,23081656.5,5,416,11641
3557,08/12/2025,"05,06,07,09,10,13,14,15,16,17,19,20,21,22,24","22,06,21,16,07,13,10,05,09,20,15,17,14,19,24",False,19598540.5,3,188,6916
3558,09/12/2025,"02,03,04,07,09,12,13,14,15,18,20,22,23,24,25","13,22,04,20,12,03,25,24,18,14,09,15,23,07,02",False,21025938.5,1,347,11912
3559,10/12/2025,"01,02,06,08,09,10,11,13,14,15,16,19,20,24,25","06,20,19,09,11,01,14,16,24,10,02,13,25,08,15",True,20821692.5,0,194,7280
3560,11/12/2025,"01,03,04,06,07,08,10,11,12,13,17,18,19,23,24","17,11,03,08,24,07,13,06,12,01,18,23,10,04,19",False,50130685.5,7,852,21956
3561,12/12/2025,"01,02,04,05,06,07,08,10,15,16,17,18,20,21,25","25,07,16,08,01,15,02,18,10,20,04,06,21,17,05",False,21386501.5,1,533,6243
3562,13/12/2025,"03,05,06,07,09,10,11,12,13,14,15,19,22,23,25","11,14,15,13,07,05,22,19,06,10,03,12,23,25,09",False,21784735,2,273,9470
3563,15/12/2025,"01,03,04,09,10,11,12,13,15,17,19,20,21,23,25","01,15,09,12,21,23,04,20,11,13,25,10,03,17,19",False,21053140.5,1,529,16967
3564,16/12/2025,"05,06,07,08,09,11,12,13,14,19,20,21,23,24,25","07,05,19,25,20,14,24,23,11,08,06,21,12,09,13",True,20160826,0,174,6240
3565,17/12/2025,"01,04,10,11,13,16,17,18,19,20,21,22,23,24,25","10,23,16,01,25,22,04,17,24,20,13,18,11,21,19",False,34464045,4,324,10868
3566,18/12/2025,"01,02,04,07,08,12,13,14,15,17,20,21,22,23,24","12,24,04,20,17,22,02,01,13,15,14,07,21,08,23",True,19765319,0,212,7449
3567,19/12/2025,"01,02,04,08,09,10,11,12,14,15,18,19,20,24,25","01,02,18,25,04,09,20,08,19,12,14,10,24,15,11",False,36059576,6,586,16198
3568,20/12/2025,"01,02,04,05,06,07,08,10,11,13,18,19,20,22,24","10,08,06,24,18,20,19,13,22,01,11,02,05,04,07",False,21592956,1,239,8314
3569,22/12/2025,"01,02,03,04,05,06,08,10,14,15,17,18,19,20,24","02,01,15,14,03,10,17,08,19,20,18,05,04,06,24",False,22159613,1,138,6041
3570,23/12/2025,"01,02,03,05,06,10,11,13,15,18,19,20,21,22,24","19,18,03,13,06,10,21,01,11,05,24,20,02,15,22",False,40721415,5,506,17475
3571,24/12/2025,"02,03,04,05,06,08,11,12,13,14,17,20,22,24,25","12,17,20,14,22,24,08,05,02,03,06,04,11,13,25",False,16455239.5,2,148,6457
3572,26/12/2025,"01,02,04,05,07,10,12,14,15,16,17,18,19,22,24","07,15,12,10,16,22,24,01,05,17,19,18,02,14,04",False,23640711.5,2,269,9698
3573,27/12/2025,"01,02,07,08,10,11,12,14,15,16,17,20,22,23,25","22,14,07,08,10,17,20,12,23,01,25,15,02,11,16",False,20819995,3,266,8212
3574,29/12/2025,"01,03,04,05,06,08,12,13,15,16,17,18,20,21,25","15,21,03,25,06,05,13,04,20,17,08,12,18,01,16",True,25591741,0,266,12032
3575,30/12/2025,"02,04,05,07,08,09,10,12,13,14,15,17,21,22,25","09,12,14,25,17,13,21,04,02,07,22,05,10,15,08",False,40081237,3,402,15660
3576,01/01/2026,"01,02,03,05,07,08,10,13,16,18,19,21,22,23,25","10,23,21,16,25,22,05,08,02,01,19,18,13,07,03",False,19520504.5,2,274,8848
3577,02/01/2026,"01,02,04,05,06,08,09,10,12,16,18,20,23,24,25","08,12,10,23,04,09,02,05,24,01,18,06,16,20,25",False,22766583,1,266,10366
3578,03/01/2026,"02,03,04,05,06,07,09,10,14,17,19,20,22,23,24","03,09,23,10,06,17,05,07,20,04,19,14,22,02,24",True,20952127,0,197,8121
3579,05/01/2026,"01,02,03,04,08,10,11,13,15,17,19,20,21,23,25","25,04,23,20,08,10,02,11,15,21,19,01,17,03,13",False,40168079,5,1138,27967
3580,06/01/2026,"01,04,05,06,08,09,12,13,15,16,19,20,21,23,25","13,04,08,16,12,15,23,25,01,05,20,21,09,06,19",False,50133062,13,983,24818
3581,07/01/2026,"02,03,04,05,06,07,08,10,12,15,16,17,20,22,24","24,03,06,07,08,05,17,22,20,12,04,15,10,02,16",False,24926342,2,241,9602
3582,08/01/2026,"02,05,06,07,08,09,10,11,12,13,16,18,23,24,25","12,25,18,08,10,16,13,23,02,05,24,06,11,09,07",False,25300170,2,209,7201
3583,09/01/2026,"02,03,04,06,09,10,12,13,14,15,21,22,23,24,25","02,21,22,10,09,04,14,15,06,24,25,12,13,23,03",True,25815853,0,209,7925
3584,10/01/2026,"01,02,04,07,08,09,13,15,16,17,18,20,21,23,25","16,09,17,20,07,04,08,21,13,01,18,25,15,23,02",False,41547849,3,663,19424
3585,12/01/2026,"01,02,04,08,09,10,13,16,17,19,20,21,22,23,25","21,25,04,02,19,20,23,13,22,10,09,17,16,01,08",False,24890698,3,255,9961
3586,13/01/2026,"01,02,06,10,11,12,13,14,15,17,18,21,22,24,25","13,01,25,15,22,02,10,18,17,06,14,12,21,24,11",True,23235768.5,0,155,6234
3587,14/01/2026,"01,02,04,08,09,10,11,12,13,16,17,18,19,20,22","20,22,12,13,11,02,19,04,09,10,08,01,16,17,18",False,38687463.5,2,314,12451
3588,15/01/2026,"03,05,07,08,09,11,14,15,16,17,19,21,22,23,24","24,03,07,08,05,16,11,14,23,09,21,15,19,22,17",True,21904855,0,285,9427
3589,16/01/2026,"01,02,03,04,08,10,11,12,15,18,19,21,22,24,25","18,08,24,25,22,02,12,04,03,11,01,15,19,10,21",False,37609194,2,469,15697
3590,17/01/2026,"04,06,08,10,11,12,13,15,16,17,19,20,21,22,23","16,10,11,22,17,23,21,08,20,04,13,19,06,15,12",False,42195244,2,442,15322
3591,19/01/2026,"01,02,03,04,06,07,10,11,13,14,15,17,18,19,20","17,15,07,03,01,13,14,19,02,06,10,11,18,20,04",True,22968379,0,235,7734
3592,20/01/2026,"01,04,05,06,07,09,12,13,17,18,20,21,22,23,25","05,18,25,17,12,21,20,01,13,09,22,23,04,06,07",False,36916670,1,465,15106
3593,21/01/2026,"01,03,04,06,07,08,09,10,12,15,18,19,23,24,25","23,25,24,01,09,10,15,08,04,19,12,06,07,03,18",False,20841698.5,2,208,7482
3594,22/01/2026,"01,02,04,05,07,08,09,11,14,15,18,20,21,23,24","05,20,04,08,09,01,02,15,23,11,18,21,24,14,07",False,20792362.5,1,281,8977
3595,23/01/2026,"01,02,04,05,06,08,10,12,13,15,16,20,21,22,25","13,12,08,04,02,21,20,25,05,22,16,06,10,15,01",False,21486405.5,3,739,14369
3596,24/01/2026,"01,02,03,04,05,06,07,08,14,15,16,18,20,21,22","18,06,04,20,03,14,22,08,21,07,15,02,01,05,16",True,22711636.5,0,208,6494
3597,26/01/2026,"01,04,05,07,10,11,13,14,15,16,19,20,21,23,25","25,19,11,16,20,10,14,15,07,21,01,13,04,23,05",False,36526567,1,653,19182
3598,27/01/2026,"01,03,04,05,06,07,08,09,11,16,18,21,22,23,24","11,01,18,24,03,16,08,06,04,21,23,07,05,22,09",True,20508932.5,0,111,4928
3599,28/01/2026,"01,04,06,07,08,09,11,12,13,16,19,20,21,23,24","20,16,04,24,09,12,08,11,23,21,06,07,01,13,19",True,34028039.5,0,336,11734
3600,29/01/2026,"03,04,05,06,07,08,09,11,12,16,17,20,21,22,25","12,25,11,08,06,07,16,03,04,09,05,20,22,17,21",False,63161969.5,3,597,19769
3601,30/01/2026,"02,03,04,06,07,08,09,11,16,17,20,21,23,24,25","21,09,16,20,06,23,03,24,08,02,11,04,17,25,07",True,21967855,0,228,7385
3602,31/01/2026,"01,02,03,04,05,06,08,09,15,18,19,20,22,23,24","19,01,23,04,22,15,24,02,09,06,03,05,18,08,20",False,35780818.5,2,223,10006
3603,02/02/2026,"02,04,05,09,10,11,12,14,15,17,19,20,21,22,24","21,15,20,19,12,22,14,17,02,05,24,11,10,09,04",False,21911785,2,485,12135
3604,03/02/2026,"01,02,03,06,07,08,11,13,15,16,19,21,22,23,24","13,03,02,21,16,19,24,06,23,22,15,07,01,11,08",False,22203905.5,1,195,7512
3605,04/02/2026,"01,03,04,07,10,12,13,14,19,20,21,22,23,24,25","20,10,03,14,13,19,21,25,04,23,07,12,01,22,24",True,21242396,0,268,9072
3606,05/02/2026,"02,03,06,07,09,11,12,14,15,17,19,20,21,23,24","20,14,06,17,19,24,11,02,12,09,21,15,23,03,07",False,36345109.5,7,746,17509
3607,06/02/2026,"01,02,04,05,06,08,09,13,14,15,16,18,19,20,23","18,02,23,08,05,20,09,15,01,04,06,13,14,16,19",False,23200177,2,233,7836
3608,07/02/2026,"02,05,06,08,09,11,14,16,17,18,19,20,22,23,25","11,02,06,20,19,05,16,25,18,17,09,14,23,22,08",False,23502517.5,1,258,8848
3609,09/02/2026,"02,05,06,08,09,10,11,12,13,17,19,20,22,24,25","11,20,24,06,13,02,12,05,19,10,08,09,22,25,17",False,22201378.5,2,362,11046
3610,10/02/2026,"01,03,05,07,08,10,13,14,17,20,21,22,23,24,25","03,05,01,10,22,24,08,13,14,17,20,23,07,25,21",False,44284723,6,732,23830
3611,11/02/2026,"01,02,03,04,05,06,10,11,12,14,15,17,18,19,25","04,01,12,14,15,05,03,06,19,17,02,10,25,11,18",False,21241500,1,164,6280
3612,12/02/2026,"04,06,08,09,11,14,15,16,17,18,19,20,21,22,25","19,09,17,18,06,25,04,20,22,08,15,21,16,11,14",False,21245724.5,1,129,5727
3613,13/02/2026,"01,03,04,07,09,10,11,12,15,16,18,20,21,22,23","09,20,01,18,22,21,16,15,12,07,03,10,04,11,23",False,22027813.5,2,381,10099
3614,14/02/2026,"02,04,05,06,09,10,11,12,14,15,16,17,20,23,25","09,11,20,16,02,05,17,12,15,04,14,06,10,25,23",False,21504031.5,3,268,8878
